BioSample,Assay_Type,Organism,Run,Sample_Name,individual,sex,tissue,BioProject
SAMN11245729,RNA-Seq,Gambusia holbrooki,SRR8785671,G.hol._2F_T,19,female,tail,PRJNA528814
SAMN11245729,RNA-Seq,Gambusia holbrooki,SRR8785672,G.hol._2F_T,19,female,tail,PRJNA528814
SAMN11245729,RNA-Seq,Gambusia holbrooki,SRR8785673,G.hol._2F_T,19,female,tail,PRJNA528814
SAMN11245729,RNA-Seq,Gambusia holbrooki,SRR8785674,G.hol._2F_T,19,female,tail,PRJNA528814
SAMN11245730,RNA-Seq,Gambusia holbrooki,SRR8785667,G.hol._3F_T,20,female,tail,PRJNA528814
SAMN11245730,RNA-Seq,Gambusia holbrooki,SRR8785668,G.hol._3F_T,20,female,tail,PRJNA528814
SAMN11245730,RNA-Seq,Gambusia holbrooki,SRR8785669,G.hol._3F_T,20,female,tail,PRJNA528814
SAMN11245730,RNA-Seq,Gambusia holbrooki,SRR8785670,G.hol._3F_T,20,female,tail,PRJNA528814
SAMN11245731,RNA-Seq,Gambusia holbrooki,SRR8785665,G.hol._4F_T,21,female,tail,PRJNA528814
SAMN11245731,RNA-Seq,Gambusia holbrooki,SRR8785666,G.hol._4F_T,21,female,tail,PRJNA528814
SAMN11245731,RNA-Seq,Gambusia holbrooki,SRR8785994,G.hol._4F_T,21,female,tail,PRJNA528814
SAMN11245731,RNA-Seq,Gambusia holbrooki,SRR8785995,G.hol._4F_T,21,female,tail,PRJNA528814
SAMN11245734,RNA-Seq,Gambusia holbrooki,SRR8785575,G.hol._8M_T,24,male,tail,PRJNA528814
SAMN11245734,RNA-Seq,Gambusia holbrooki,SRR8785806,G.hol._8M_T,24,male,tail,PRJNA528814
SAMN11245734,RNA-Seq,Gambusia holbrooki,SRR8785807,G.hol._8M_T,24,male,tail,PRJNA528814
SAMN11245734,RNA-Seq,Gambusia holbrooki,SRR8785812,G.hol._8M_T,24,male,tail,PRJNA528814
SAMN11245733,RNA-Seq,Gambusia holbrooki,SRR8785762,G.hol._7M_T,23,male,tail,PRJNA528814
SAMN11245733,RNA-Seq,Gambusia holbrooki,SRR8785810,G.hol._7M_T,23,male,tail,PRJNA528814
SAMN11245733,RNA-Seq,Gambusia holbrooki,SRR8785811,G.hol._7M_T,23,male,tail,PRJNA528814
SAMN11245733,RNA-Seq,Gambusia holbrooki,SRR8785996,G.hol._7M_T,23,male,tail,PRJNA528814
SAMN11245732,RNA-Seq,Gambusia holbrooki,SRR8785761,G.hol._6M_T,22,male,tail,PRJNA528814
SAMN11245732,RNA-Seq,Gambusia holbrooki,SRR8785774,G.hol._6M_T,22,male,tail,PRJNA528814
SAMN11245732,RNA-Seq,Gambusia holbrooki,SRR8785992,G.hol._6M_T,22,male,tail,PRJNA528814
SAMN11245732,RNA-Seq,Gambusia holbrooki,SRR8785993,G.hol._6M_T,22,male,tail,PRJNA528814
SAMN11245728,WGS,Gambusia holbrooki,SRR8785525,G.hol._8M_H,24,male,head,PRJNA528814
SAMN11245728,WGS,Gambusia holbrooki,SRR8785526,G.hol._8M_H,24,male,head,PRJNA528814
SAMN11245728,WGS,Gambusia holbrooki,SRR8785527,G.hol._8M_H,24,male,head,PRJNA528814
SAMN11245728,WGS,Gambusia holbrooki,SRR8785528,G.hol._8M_H,24,male,head,PRJNA528814
SAMN11245728,WGS,Gambusia holbrooki,SRR8785529,G.hol._8M_H,24,male,head,PRJNA528814
SAMN11245728,WGS,Gambusia holbrooki,SRR8785531,G.hol._8M_H,24,male,head,PRJNA528814
SAMN11245728,WGS,Gambusia holbrooki,SRR8785532,G.hol._8M_H,24,male,head,PRJNA528814
SAMN11245728,WGS,Gambusia holbrooki,SRR8785533,G.hol._8M_H,24,male,head,PRJNA528814
SAMN11245728,WGS,Gambusia holbrooki,SRR8785534,G.hol._8M_H,24,male,head,PRJNA528814
SAMN11245728,WGS,Gambusia holbrooki,SRR8785535,G.hol._8M_H,24,male,head,PRJNA528814
SAMN11245728,WGS,Gambusia holbrooki,SRR8785536,G.hol._8M_H,24,male,head,PRJNA528814
SAMN11245728,WGS,Gambusia holbrooki,SRR8785634,G.hol._8M_H,24,male,head,PRJNA528814
SAMN11245728,WGS,Gambusia holbrooki,SRR8785635,G.hol._8M_H,24,male,head,PRJNA528814
SAMN11245728,WGS,Gambusia holbrooki,SRR8785637,G.hol._8M_H,24,male,head,PRJNA528814
SAMN11245728,WGS,Gambusia holbrooki,SRR8785639,G.hol._8M_H,24,male,head,PRJNA528814
SAMN11245728,WGS,Gambusia holbrooki,SRR8785685,G.hol._8M_H,24,male,head,PRJNA528814
SAMN11245728,WGS,Gambusia holbrooki,SRR8785686,G.hol._8M_H,24,male,head,PRJNA528814
SAMN11245728,WGS,Gambusia holbrooki,SRR8785687,G.hol._8M_H,24,male,head,PRJNA528814
SAMN11245728,WGS,Gambusia holbrooki,SRR8785792,G.hol._8M_H,24,male,head,PRJNA528814
SAMN11245728,WGS,Gambusia holbrooki,SRR8785793,G.hol._8M_H,24,male,head,PRJNA528814
SAMN11245728,WGS,Gambusia holbrooki,SRR8785798,G.hol._8M_H,24,male,head,PRJNA528814
SAMN11245728,WGS,Gambusia holbrooki,SRR8785989,G.hol._8M_H,24,male,head,PRJNA528814
SAMN11245725,WGS,Gambusia holbrooki,SRR8785492,G.hol._4F_H,21,female,head,PRJNA528814
SAMN11245725,WGS,Gambusia holbrooki,SRR8785493,G.hol._4F_H,21,female,head,PRJNA528814
SAMN11245725,WGS,Gambusia holbrooki,SRR8785494,G.hol._4F_H,21,female,head,PRJNA528814
SAMN11245725,WGS,Gambusia holbrooki,SRR8785495,G.hol._4F_H,21,female,head,PRJNA528814
SAMN11245725,WGS,Gambusia holbrooki,SRR8785496,G.hol._4F_H,21,female,head,PRJNA528814
SAMN11245725,WGS,Gambusia holbrooki,SRR8785497,G.hol._4F_H,21,female,head,PRJNA528814
SAMN11245725,WGS,Gambusia holbrooki,SRR8785498,G.hol._4F_H,21,female,head,PRJNA528814
SAMN11245725,WGS,Gambusia holbrooki,SRR8785499,G.hol._4F_H,21,female,head,PRJNA528814
SAMN11245725,WGS,Gambusia holbrooki,SRR8785513,G.hol._4F_H,21,female,head,PRJNA528814
SAMN11245725,WGS,Gambusia holbrooki,SRR8785514,G.hol._4F_H,21,female,head,PRJNA528814
SAMN11245725,WGS,Gambusia holbrooki,SRR8785515,G.hol._4F_H,21,female,head,PRJNA528814
SAMN11245725,WGS,Gambusia holbrooki,SRR8785516,G.hol._4F_H,21,female,head,PRJNA528814
SAMN11245725,WGS,Gambusia holbrooki,SRR8785517,G.hol._4F_H,21,female,head,PRJNA528814
SAMN11245725,WGS,Gambusia holbrooki,SRR8785518,G.hol._4F_H,21,female,head,PRJNA528814
SAMN11245725,WGS,Gambusia holbrooki,SRR8785520,G.hol._4F_H,21,female,head,PRJNA528814
SAMN11245725,WGS,Gambusia holbrooki,SRR8785654,G.hol._4F_H,21,female,head,PRJNA528814
SAMN11245725,WGS,Gambusia holbrooki,SRR8785657,G.hol._4F_H,21,female,head,PRJNA528814
SAMN11245725,WGS,Gambusia holbrooki,SRR8785663,G.hol._4F_H,21,female,head,PRJNA528814
SAMN11245725,WGS,Gambusia holbrooki,SRR8785729,G.hol._4F_H,21,female,head,PRJNA528814
SAMN11245725,WGS,Gambusia holbrooki,SRR8785730,G.hol._4F_H,21,female,head,PRJNA528814
SAMN11245725,WGS,Gambusia holbrooki,SRR8785845,G.hol._4F_H,21,female,head,PRJNA528814
SAMN11245725,WGS,Gambusia holbrooki,SRR8785846,G.hol._4F_H,21,female,head,PRJNA528814
SAMN11245726,WGS,Gambusia holbrooki,SRR8785519,G.hol._6M_H,22,male,head,PRJNA528814
SAMN11245726,WGS,Gambusia holbrooki,SRR8785578,G.hol._6M_H,22,male,head,PRJNA528814
SAMN11245726,WGS,Gambusia holbrooki,SRR8785579,G.hol._6M_H,22,male,head,PRJNA528814
SAMN11245726,WGS,Gambusia holbrooki,SRR8785641,G.hol._6M_H,22,male,head,PRJNA528814
SAMN11245726,WGS,Gambusia holbrooki,SRR8785642,G.hol._6M_H,22,male,head,PRJNA528814
SAMN11245726,WGS,Gambusia holbrooki,SRR8785653,G.hol._6M_H,22,male,head,PRJNA528814
SAMN11245726,WGS,Gambusia holbrooki,SRR8785835,G.hol._6M_H,22,male,head,PRJNA528814
SAMN11245726,WGS,Gambusia holbrooki,SRR8785898,G.hol._6M_H,22,male,head,PRJNA528814
SAMN11245726,WGS,Gambusia holbrooki,SRR8785899,G.hol._6M_H,22,male,head,PRJNA528814
SAMN11245726,WGS,Gambusia holbrooki,SRR8785900,G.hol._6M_H,22,male,head,PRJNA528814
SAMN11245726,WGS,Gambusia holbrooki,SRR8785901,G.hol._6M_H,22,male,head,PRJNA528814
SAMN11245726,WGS,Gambusia holbrooki,SRR8785904,G.hol._6M_H,22,male,head,PRJNA528814
SAMN11245726,WGS,Gambusia holbrooki,SRR8785905,G.hol._6M_H,22,male,head,PRJNA528814
SAMN11245726,WGS,Gambusia holbrooki,SRR8785971,G.hol._6M_H,22,male,head,PRJNA528814
SAMN11245726,WGS,Gambusia holbrooki,SRR8785972,G.hol._6M_H,22,male,head,PRJNA528814
SAMN11245726,WGS,Gambusia holbrooki,SRR8785973,G.hol._6M_H,22,male,head,PRJNA528814
SAMN11245726,WGS,Gambusia holbrooki,SRR8785974,G.hol._6M_H,22,male,head,PRJNA528814
SAMN11245726,WGS,Gambusia holbrooki,SRR8785975,G.hol._6M_H,22,male,head,PRJNA528814
SAMN11245726,WGS,Gambusia holbrooki,SRR8785976,G.hol._6M_H,22,male,head,PRJNA528814
SAMN11245726,WGS,Gambusia holbrooki,SRR8785977,G.hol._6M_H,22,male,head,PRJNA528814
SAMN11245726,WGS,Gambusia holbrooki,SRR8785978,G.hol._6M_H,22,male,head,PRJNA528814
SAMN11245726,WGS,Gambusia holbrooki,SRR8785991,G.hol._6M_H,22,male,head,PRJNA528814
SAMN11245727,WGS,Gambusia holbrooki,SRR8785478,G.hol._7M_H,23,male,head,PRJNA528814
SAMN11245727,WGS,Gambusia holbrooki,SRR8785479,G.hol._7M_H,23,male,head,PRJNA528814
SAMN11245727,WGS,Gambusia holbrooki,SRR8785480,G.hol._7M_H,23,male,head,PRJNA528814
SAMN11245727,WGS,Gambusia holbrooki,SRR8785521,G.hol._7M_H,23,male,head,PRJNA528814
SAMN11245727,WGS,Gambusia holbrooki,SRR8785522,G.hol._7M_H,23,male,head,PRJNA528814
SAMN11245727,WGS,Gambusia holbrooki,SRR8785636,G.hol._7M_H,23,male,head,PRJNA528814
SAMN11245727,WGS,Gambusia holbrooki,SRR8785638,G.hol._7M_H,23,male,head,PRJNA528814
SAMN11245727,WGS,Gambusia holbrooki,SRR8785640,G.hol._7M_H,23,male,head,PRJNA528814
SAMN11245727,WGS,Gambusia holbrooki,SRR8785791,G.hol._7M_H,23,male,head,PRJNA528814
SAMN11245727,WGS,Gambusia holbrooki,SRR8785832,G.hol._7M_H,23,male,head,PRJNA528814
SAMN11245727,WGS,Gambusia holbrooki,SRR8785833,G.hol._7M_H,23,male,head,PRJNA528814
SAMN11245727,WGS,Gambusia holbrooki,SRR8785902,G.hol._7M_H,23,male,head,PRJNA528814
SAMN11245727,WGS,Gambusia holbrooki,SRR8785903,G.hol._7M_H,23,male,head,PRJNA528814
SAMN11245727,WGS,Gambusia holbrooki,SRR8785906,G.hol._7M_H,23,male,head,PRJNA528814
SAMN11245727,WGS,Gambusia holbrooki,SRR8785907,G.hol._7M_H,23,male,head,PRJNA528814
SAMN11245727,WGS,Gambusia holbrooki,SRR8785979,G.hol._7M_H,23,male,head,PRJNA528814
SAMN11245727,WGS,Gambusia holbrooki,SRR8785980,G.hol._7M_H,23,male,head,PRJNA528814
SAMN11245727,WGS,Gambusia holbrooki,SRR8786007,G.hol._7M_H,23,male,head,PRJNA528814
SAMN11245727,WGS,Gambusia holbrooki,SRR8786008,G.hol._7M_H,23,male,head,PRJNA528814
SAMN11245727,WGS,Gambusia holbrooki,SRR8786009,G.hol._7M_H,23,male,head,PRJNA528814
SAMN11245727,WGS,Gambusia holbrooki,SRR8786010,G.hol._7M_H,23,male,head,PRJNA528814
SAMN11245727,WGS,Gambusia holbrooki,SRR8786011,G.hol._7M_H,23,male,head,PRJNA528814
SAMN11245723,WGS,Gambusia holbrooki,SRR8785523,G.hol._2F_H,19,female,head,PRJNA528814
SAMN11245723,WGS,Gambusia holbrooki,SRR8785524,G.hol._2F_H,19,female,head,PRJNA528814
SAMN11245723,WGS,Gambusia holbrooki,SRR8785598,G.hol._2F_H,19,female,head,PRJNA528814
SAMN11245723,WGS,Gambusia holbrooki,SRR8785599,G.hol._2F_H,19,female,head,PRJNA528814
SAMN11245723,WGS,Gambusia holbrooki,SRR8785600,G.hol._2F_H,19,female,head,PRJNA528814
SAMN11245723,WGS,Gambusia holbrooki,SRR8785601,G.hol._2F_H,19,female,head,PRJNA528814
SAMN11245723,WGS,Gambusia holbrooki,SRR8785602,G.hol._2F_H,19,female,head,PRJNA528814
SAMN11245723,WGS,Gambusia holbrooki,SRR8785603,G.hol._2F_H,19,female,head,PRJNA528814
SAMN11245723,WGS,Gambusia holbrooki,SRR8785604,G.hol._2F_H,19,female,head,PRJNA528814
SAMN11245723,WGS,Gambusia holbrooki,SRR8785605,G.hol._2F_H,19,female,head,PRJNA528814
SAMN11245723,WGS,Gambusia holbrooki,SRR8785606,G.hol._2F_H,19,female,head,PRJNA528814
SAMN11245723,WGS,Gambusia holbrooki,SRR8785607,G.hol._2F_H,19,female,head,PRJNA528814
SAMN11245723,WGS,Gambusia holbrooki,SRR8785755,G.hol._2F_H,19,female,head,PRJNA528814
SAMN11245723,WGS,Gambusia holbrooki,SRR8785756,G.hol._2F_H,19,female,head,PRJNA528814
SAMN11245723,WGS,Gambusia holbrooki,SRR8785758,G.hol._2F_H,19,female,head,PRJNA528814
SAMN11245723,WGS,Gambusia holbrooki,SRR8785912,G.hol._2F_H,19,female,head,PRJNA528814
SAMN11245723,WGS,Gambusia holbrooki,SRR8785916,G.hol._2F_H,19,female,head,PRJNA528814
SAMN11245723,WGS,Gambusia holbrooki,SRR8785917,G.hol._2F_H,19,female,head,PRJNA528814
SAMN11245723,WGS,Gambusia holbrooki,SRR8785918,G.hol._2F_H,19,female,head,PRJNA528814
SAMN11245723,WGS,Gambusia holbrooki,SRR8785919,G.hol._2F_H,19,female,head,PRJNA528814
SAMN11245723,WGS,Gambusia holbrooki,SRR8785932,G.hol._2F_H,19,female,head,PRJNA528814
SAMN11245723,WGS,Gambusia holbrooki,SRR8785933,G.hol._2F_H,19,female,head,PRJNA528814
SAMN11245724,WGS,Gambusia holbrooki,SRR8785511,G.hol._3F_H,20,female,head,PRJNA528814
SAMN11245724,WGS,Gambusia holbrooki,SRR8785512,G.hol._3F_H,20,female,head,PRJNA528814
SAMN11245724,WGS,Gambusia holbrooki,SRR8785749,G.hol._3F_H,20,female,head,PRJNA528814
SAMN11245724,WGS,Gambusia holbrooki,SRR8785750,G.hol._3F_H,20,female,head,PRJNA528814
SAMN11245724,WGS,Gambusia holbrooki,SRR8785751,G.hol._3F_H,20,female,head,PRJNA528814
SAMN11245724,WGS,Gambusia holbrooki,SRR8785752,G.hol._3F_H,20,female,head,PRJNA528814
SAMN11245724,WGS,Gambusia holbrooki,SRR8785753,G.hol._3F_H,20,female,head,PRJNA528814
SAMN11245724,WGS,Gambusia holbrooki,SRR8785754,G.hol._3F_H,20,female,head,PRJNA528814
SAMN11245724,WGS,Gambusia holbrooki,SRR8785757,G.hol._3F_H,20,female,head,PRJNA528814
SAMN11245724,WGS,Gambusia holbrooki,SRR8785857,G.hol._3F_H,20,female,head,PRJNA528814
SAMN11245724,WGS,Gambusia holbrooki,SRR8785858,G.hol._3F_H,20,female,head,PRJNA528814
SAMN11245724,WGS,Gambusia holbrooki,SRR8785888,G.hol._3F_H,20,female,head,PRJNA528814
SAMN11245724,WGS,Gambusia holbrooki,SRR8785889,G.hol._3F_H,20,female,head,PRJNA528814
SAMN11245724,WGS,Gambusia holbrooki,SRR8785890,G.hol._3F_H,20,female,head,PRJNA528814
SAMN11245724,WGS,Gambusia holbrooki,SRR8785891,G.hol._3F_H,20,female,head,PRJNA528814
SAMN11245724,WGS,Gambusia holbrooki,SRR8785892,G.hol._3F_H,20,female,head,PRJNA528814
SAMN11245724,WGS,Gambusia holbrooki,SRR8785893,G.hol._3F_H,20,female,head,PRJNA528814
SAMN11245724,WGS,Gambusia holbrooki,SRR8785910,G.hol._3F_H,20,female,head,PRJNA528814
SAMN11245724,WGS,Gambusia holbrooki,SRR8785911,G.hol._3F_H,20,female,head,PRJNA528814
SAMN11245724,WGS,Gambusia holbrooki,SRR8785913,G.hol._3F_H,20,female,head,PRJNA528814
SAMN11245724,WGS,Gambusia holbrooki,SRR8785914,G.hol._3F_H,20,female,head,PRJNA528814
SAMN11245724,WGS,Gambusia holbrooki,SRR8785915,G.hol._3F_H,20,female,head,PRJNA528814
SAMN11245709,RNA-Seq,Micropoecilia picta,SRR8785702,P.pic._5M_T,11,male,tail,PRJNA528814
SAMN11245709,RNA-Seq,Micropoecilia picta,SRR8785703,P.pic._5M_T,11,male,tail,PRJNA528814
SAMN11245709,RNA-Seq,Micropoecilia picta,SRR8785704,P.pic._5M_T,11,male,tail,PRJNA528814
SAMN11245709,RNA-Seq,Micropoecilia picta,SRR8785705,P.pic._5M_T,11,male,tail,PRJNA528814
SAMN11245705,RNA-Seq,Micropoecilia picta,SRR8785700,P.pic._1F_T,7,female,tail,PRJNA528814
SAMN11245705,RNA-Seq,Micropoecilia picta,SRR8785701,P.pic._1F_T,7,female,tail,PRJNA528814
SAMN11245705,RNA-Seq,Micropoecilia picta,SRR8785855,P.pic._1F_T,7,female,tail,PRJNA528814
SAMN11245705,RNA-Seq,Micropoecilia picta,SRR8785856,P.pic._1F_T,7,female,tail,PRJNA528814
SAMN11245708,RNA-Seq,Micropoecilia picta,SRR8785698,P.pic._3M_T,10,male,tail,PRJNA528814
SAMN11245708,RNA-Seq,Micropoecilia picta,SRR8785699,P.pic._3M_T,10,male,tail,PRJNA528814
SAMN11245708,RNA-Seq,Micropoecilia picta,SRR8785759,P.pic._3M_T,10,male,tail,PRJNA528814
SAMN11245708,RNA-Seq,Micropoecilia picta,SRR8785760,P.pic._3M_T,10,male,tail,PRJNA528814
SAMN11245710,RNA-Seq,Micropoecilia picta,SRR8785610,P.pic._6M_T,12,male,tail,PRJNA528814
SAMN11245710,RNA-Seq,Micropoecilia picta,SRR8785611,P.pic._6M_T,12,male,tail,PRJNA528814
SAMN11245710,RNA-Seq,Micropoecilia picta,SRR8785763,P.pic._6M_T,12,male,tail,PRJNA528814
SAMN11245710,RNA-Seq,Micropoecilia picta,SRR8785952,P.pic._6M_T,12,male,tail,PRJNA528814
SAMN11245706,RNA-Seq,Micropoecilia picta,SRR8785851,P.pic._2F_T,8,female,tail,PRJNA528814
SAMN11245706,RNA-Seq,Micropoecilia picta,SRR8785852,P.pic._2F_T,8,female,tail,PRJNA528814
SAMN11245706,RNA-Seq,Micropoecilia picta,SRR8785853,P.pic._2F_T,8,female,tail,PRJNA528814
SAMN11245706,RNA-Seq,Micropoecilia picta,SRR8785854,P.pic._2F_T,8,female,tail,PRJNA528814
SAMN11245707,RNA-Seq,Micropoecilia picta,SRR8785847,P.pic._4F_T,9,female,tail,PRJNA528814
SAMN11245707,RNA-Seq,Micropoecilia picta,SRR8785848,P.pic._4F_T,9,female,tail,PRJNA528814
SAMN11245707,RNA-Seq,Micropoecilia picta,SRR8785849,P.pic._4F_T,9,female,tail,PRJNA528814
SAMN11245707,RNA-Seq,Micropoecilia picta,SRR8785850,P.pic._4F_T,9,female,tail,PRJNA528814
SAMN11245704,WGS,Micropoecilia picta,SRR8785706,P.pic._6M_H,12,male,head,PRJNA528814
SAMN11245704,WGS,Micropoecilia picta,SRR8785707,P.pic._6M_H,12,male,head,PRJNA528814
SAMN11245704,WGS,Micropoecilia picta,SRR8785708,P.pic._6M_H,12,male,head,PRJNA528814
SAMN11245704,WGS,Micropoecilia picta,SRR8785710,P.pic._6M_H,12,male,head,PRJNA528814
SAMN11245704,WGS,Micropoecilia picta,SRR8785711,P.pic._6M_H,12,male,head,PRJNA528814
SAMN11245704,WGS,Micropoecilia picta,SRR8785712,P.pic._6M_H,12,male,head,PRJNA528814
SAMN11245704,WGS,Micropoecilia picta,SRR8785713,P.pic._6M_H,12,male,head,PRJNA528814
SAMN11245704,WGS,Micropoecilia picta,SRR8785727,P.pic._6M_H,12,male,head,PRJNA528814
SAMN11245704,WGS,Micropoecilia picta,SRR8785728,P.pic._6M_H,12,male,head,PRJNA528814
SAMN11245704,WGS,Micropoecilia picta,SRR8785732,P.pic._6M_H,12,male,head,PRJNA528814
SAMN11245704,WGS,Micropoecilia picta,SRR8785733,P.pic._6M_H,12,male,head,PRJNA528814
SAMN11245704,WGS,Micropoecilia picta,SRR8785734,P.pic._6M_H,12,male,head,PRJNA528814
SAMN11245704,WGS,Micropoecilia picta,SRR8785735,P.pic._6M_H,12,male,head,PRJNA528814
SAMN11245704,WGS,Micropoecilia picta,SRR8785736,P.pic._6M_H,12,male,head,PRJNA528814
SAMN11245704,WGS,Micropoecilia picta,SRR8785737,P.pic._6M_H,12,male,head,PRJNA528814
SAMN11245704,WGS,Micropoecilia picta,SRR8785738,P.pic._6M_H,12,male,head,PRJNA528814
SAMN11245704,WGS,Micropoecilia picta,SRR8785882,P.pic._6M_H,12,male,head,PRJNA528814
SAMN11245704,WGS,Micropoecilia picta,SRR8785883,P.pic._6M_H,12,male,head,PRJNA528814
SAMN11245704,WGS,Micropoecilia picta,SRR8785884,P.pic._6M_H,12,male,head,PRJNA528814
SAMN11245704,WGS,Micropoecilia picta,SRR8785885,P.pic._6M_H,12,male,head,PRJNA528814
SAMN11245704,WGS,Micropoecilia picta,SRR8785886,P.pic._6M_H,12,male,head,PRJNA528814
SAMN11245704,WGS,Micropoecilia picta,SRR8785887,P.pic._6M_H,12,male,head,PRJNA528814
SAMN11245703,WGS,Micropoecilia picta,SRR8785562,P.pic._5M_H,11,male,head,PRJNA528814
SAMN11245703,WGS,Micropoecilia picta,SRR8785563,P.pic._5M_H,11,male,head,PRJNA528814
SAMN11245703,WGS,Micropoecilia picta,SRR8785566,P.pic._5M_H,11,male,head,PRJNA528814
SAMN11245703,WGS,Micropoecilia picta,SRR8785567,P.pic._5M_H,11,male,head,PRJNA528814
SAMN11245703,WGS,Micropoecilia picta,SRR8785568,P.pic._5M_H,11,male,head,PRJNA528814
SAMN11245703,WGS,Micropoecilia picta,SRR8785569,P.pic._5M_H,11,male,head,PRJNA528814
SAMN11245703,WGS,Micropoecilia picta,SRR8785576,P.pic._5M_H,11,male,head,PRJNA528814
SAMN11245703,WGS,Micropoecilia picta,SRR8785577,P.pic._5M_H,11,male,head,PRJNA528814
SAMN11245703,WGS,Micropoecilia picta,SRR8785580,P.pic._5M_H,11,male,head,PRJNA528814
SAMN11245703,WGS,Micropoecilia picta,SRR8785581,P.pic._5M_H,11,male,head,PRJNA528814
SAMN11245703,WGS,Micropoecilia picta,SRR8785582,P.pic._5M_H,11,male,head,PRJNA528814
SAMN11245703,WGS,Micropoecilia picta,SRR8785583,P.pic._5M_H,11,male,head,PRJNA528814
SAMN11245703,WGS,Micropoecilia picta,SRR8785584,P.pic._5M_H,11,male,head,PRJNA528814
SAMN11245703,WGS,Micropoecilia picta,SRR8785585,P.pic._5M_H,11,male,head,PRJNA528814
SAMN11245703,WGS,Micropoecilia picta,SRR8785586,P.pic._5M_H,11,male,head,PRJNA528814
SAMN11245703,WGS,Micropoecilia picta,SRR8785587,P.pic._5M_H,11,male,head,PRJNA528814
SAMN11245703,WGS,Micropoecilia picta,SRR8785709,P.pic._5M_H,11,male,head,PRJNA528814
SAMN11245703,WGS,Micropoecilia picta,SRR8785731,P.pic._5M_H,11,male,head,PRJNA528814
SAMN11245703,WGS,Micropoecilia picta,SRR8785961,P.pic._5M_H,11,male,head,PRJNA528814
SAMN11245703,WGS,Micropoecilia picta,SRR8785962,P.pic._5M_H,11,male,head,PRJNA528814
SAMN11245703,WGS,Micropoecilia picta,SRR8785963,P.pic._5M_H,11,male,head,PRJNA528814
SAMN11245703,WGS,Micropoecilia picta,SRR8785964,P.pic._5M_H,11,male,head,PRJNA528814
SAMN11245701,WGS,Micropoecilia picta,SRR8785643,P.pic._4F_H,9,female,head,PRJNA528814
SAMN11245701,WGS,Micropoecilia picta,SRR8785644,P.pic._4F_H,9,female,head,PRJNA528814
SAMN11245701,WGS,Micropoecilia picta,SRR8785645,P.pic._4F_H,9,female,head,PRJNA528814
SAMN11245701,WGS,Micropoecilia picta,SRR8785646,P.pic._4F_H,9,female,head,PRJNA528814
SAMN11245701,WGS,Micropoecilia picta,SRR8785647,P.pic._4F_H,9,female,head,PRJNA528814
SAMN11245701,WGS,Micropoecilia picta,SRR8785648,P.pic._4F_H,9,female,head,PRJNA528814
SAMN11245701,WGS,Micropoecilia picta,SRR8785650,P.pic._4F_H,9,female,head,PRJNA528814
SAMN11245701,WGS,Micropoecilia picta,SRR8785655,P.pic._4F_H,9,female,head,PRJNA528814
SAMN11245701,WGS,Micropoecilia picta,SRR8785656,P.pic._4F_H,9,female,head,PRJNA528814
SAMN11245701,WGS,Micropoecilia picta,SRR8785659,P.pic._4F_H,9,female,head,PRJNA528814
SAMN11245701,WGS,Micropoecilia picta,SRR8785660,P.pic._4F_H,9,female,head,PRJNA528814
SAMN11245701,WGS,Micropoecilia picta,SRR8785675,P.pic._4F_H,9,female,head,PRJNA528814
SAMN11245701,WGS,Micropoecilia picta,SRR8785676,P.pic._4F_H,9,female,head,PRJNA528814
SAMN11245701,WGS,Micropoecilia picta,SRR8785677,P.pic._4F_H,9,female,head,PRJNA528814
SAMN11245701,WGS,Micropoecilia picta,SRR8785678,P.pic._4F_H,9,female,head,PRJNA528814
SAMN11245701,WGS,Micropoecilia picta,SRR8785679,P.pic._4F_H,9,female,head,PRJNA528814
SAMN11245701,WGS,Micropoecilia picta,SRR8785680,P.pic._4F_H,9,female,head,PRJNA528814
SAMN11245701,WGS,Micropoecilia picta,SRR8785681,P.pic._4F_H,9,female,head,PRJNA528814
SAMN11245701,WGS,Micropoecilia picta,SRR8785682,P.pic._4F_H,9,female,head,PRJNA528814
SAMN11245701,WGS,Micropoecilia picta,SRR8785683,P.pic._4F_H,9,female,head,PRJNA528814
SAMN11245701,WGS,Micropoecilia picta,SRR8785684,P.pic._4F_H,9,female,head,PRJNA528814
SAMN11245701,WGS,Micropoecilia picta,SRR8785824,P.pic._4F_H,9,female,head,PRJNA528814
SAMN11245700,WGS,Micropoecilia picta,SRR8785501,P.pic._2F_H,8,female,head,PRJNA528814
SAMN11245700,WGS,Micropoecilia picta,SRR8785504,P.pic._2F_H,8,female,head,PRJNA528814
SAMN11245700,WGS,Micropoecilia picta,SRR8785505,P.pic._2F_H,8,female,head,PRJNA528814
SAMN11245700,WGS,Micropoecilia picta,SRR8785506,P.pic._2F_H,8,female,head,PRJNA528814
SAMN11245700,WGS,Micropoecilia picta,SRR8785507,P.pic._2F_H,8,female,head,PRJNA528814
SAMN11245700,WGS,Micropoecilia picta,SRR8785508,P.pic._2F_H,8,female,head,PRJNA528814
SAMN11245700,WGS,Micropoecilia picta,SRR8785509,P.pic._2F_H,8,female,head,PRJNA528814
SAMN11245700,WGS,Micropoecilia picta,SRR8785549,P.pic._2F_H,8,female,head,PRJNA528814
SAMN11245700,WGS,Micropoecilia picta,SRR8785574,P.pic._2F_H,8,female,head,PRJNA528814
SAMN11245700,WGS,Micropoecilia picta,SRR8785658,P.pic._2F_H,8,female,head,PRJNA528814
SAMN11245700,WGS,Micropoecilia picta,SRR8785661,P.pic._2F_H,8,female,head,PRJNA528814
SAMN11245700,WGS,Micropoecilia picta,SRR8785662,P.pic._2F_H,8,female,head,PRJNA528814
SAMN11245700,WGS,Micropoecilia picta,SRR8785664,P.pic._2F_H,8,female,head,PRJNA528814
SAMN11245700,WGS,Micropoecilia picta,SRR8785794,P.pic._2F_H,8,female,head,PRJNA528814
SAMN11245700,WGS,Micropoecilia picta,SRR8785795,P.pic._2F_H,8,female,head,PRJNA528814
SAMN11245700,WGS,Micropoecilia picta,SRR8785796,P.pic._2F_H,8,female,head,PRJNA528814
SAMN11245700,WGS,Micropoecilia picta,SRR8785797,P.pic._2F_H,8,female,head,PRJNA528814
SAMN11245700,WGS,Micropoecilia picta,SRR8785799,P.pic._2F_H,8,female,head,PRJNA528814
SAMN11245700,WGS,Micropoecilia picta,SRR8785800,P.pic._2F_H,8,female,head,PRJNA528814
SAMN11245700,WGS,Micropoecilia picta,SRR8785801,P.pic._2F_H,8,female,head,PRJNA528814
SAMN11245700,WGS,Micropoecilia picta,SRR8785803,P.pic._2F_H,8,female,head,PRJNA528814
SAMN11245700,WGS,Micropoecilia picta,SRR8785920,P.pic._2F_H,8,female,head,PRJNA528814
SAMN11245702,WGS,Micropoecilia picta,SRR8785570,P.pic._3M_H,10,male,head,PRJNA528814
SAMN11245702,WGS,Micropoecilia picta,SRR8785572,P.pic._3M_H,10,male,head,PRJNA528814
SAMN11245702,WGS,Micropoecilia picta,SRR8785573,P.pic._3M_H,10,male,head,PRJNA528814
SAMN11245702,WGS,Micropoecilia picta,SRR8785649,P.pic._3M_H,10,male,head,PRJNA528814
SAMN11245702,WGS,Micropoecilia picta,SRR8785651,P.pic._3M_H,10,male,head,PRJNA528814
SAMN11245702,WGS,Micropoecilia picta,SRR8785652,P.pic._3M_H,10,male,head,PRJNA528814
SAMN11245702,WGS,Micropoecilia picta,SRR8785821,P.pic._3M_H,10,male,head,PRJNA528814
SAMN11245702,WGS,Micropoecilia picta,SRR8785822,P.pic._3M_H,10,male,head,PRJNA528814
SAMN11245702,WGS,Micropoecilia picta,SRR8785823,P.pic._3M_H,10,male,head,PRJNA528814
SAMN11245702,WGS,Micropoecilia picta,SRR8785825,P.pic._3M_H,10,male,head,PRJNA528814
SAMN11245702,WGS,Micropoecilia picta,SRR8785826,P.pic._3M_H,10,male,head,PRJNA528814
SAMN11245702,WGS,Micropoecilia picta,SRR8785827,P.pic._3M_H,10,male,head,PRJNA528814
SAMN11245702,WGS,Micropoecilia picta,SRR8785828,P.pic._3M_H,10,male,head,PRJNA528814
SAMN11245702,WGS,Micropoecilia picta,SRR8785830,P.pic._3M_H,10,male,head,PRJNA528814
SAMN11245702,WGS,Micropoecilia picta,SRR8785831,P.pic._3M_H,10,male,head,PRJNA528814
SAMN11245702,WGS,Micropoecilia picta,SRR8785954,P.pic._3M_H,10,male,head,PRJNA528814
SAMN11245702,WGS,Micropoecilia picta,SRR8785965,P.pic._3M_H,10,male,head,PRJNA528814
SAMN11245702,WGS,Micropoecilia picta,SRR8785966,P.pic._3M_H,10,male,head,PRJNA528814
SAMN11245702,WGS,Micropoecilia picta,SRR8785967,P.pic._3M_H,10,male,head,PRJNA528814
SAMN11245702,WGS,Micropoecilia picta,SRR8785968,P.pic._3M_H,10,male,head,PRJNA528814
SAMN11245702,WGS,Micropoecilia picta,SRR8785969,P.pic._3M_H,10,male,head,PRJNA528814
SAMN11245702,WGS,Micropoecilia picta,SRR8785970,P.pic._3M_H,10,male,head,PRJNA528814
SAMN11245699,WGS,Micropoecilia picta,SRR8785500,P.pic._1F_H,7,female,head,PRJNA528814
SAMN11245699,WGS,Micropoecilia picta,SRR8785502,P.pic._1F_H,7,female,head,PRJNA528814
SAMN11245699,WGS,Micropoecilia picta,SRR8785503,P.pic._1F_H,7,female,head,PRJNA528814
SAMN11245699,WGS,Micropoecilia picta,SRR8785510,P.pic._1F_H,7,female,head,PRJNA528814
SAMN11245699,WGS,Micropoecilia picta,SRR8785802,P.pic._1F_H,7,female,head,PRJNA528814
SAMN11245699,WGS,Micropoecilia picta,SRR8785836,P.pic._1F_H,7,female,head,PRJNA528814
SAMN11245699,WGS,Micropoecilia picta,SRR8785837,P.pic._1F_H,7,female,head,PRJNA528814
SAMN11245699,WGS,Micropoecilia picta,SRR8785838,P.pic._1F_H,7,female,head,PRJNA528814
SAMN11245699,WGS,Micropoecilia picta,SRR8785839,P.pic._1F_H,7,female,head,PRJNA528814
SAMN11245699,WGS,Micropoecilia picta,SRR8785840,P.pic._1F_H,7,female,head,PRJNA528814
SAMN11245699,WGS,Micropoecilia picta,SRR8785841,P.pic._1F_H,7,female,head,PRJNA528814
SAMN11245699,WGS,Micropoecilia picta,SRR8785842,P.pic._1F_H,7,female,head,PRJNA528814
SAMN11245699,WGS,Micropoecilia picta,SRR8785843,P.pic._1F_H,7,female,head,PRJNA528814
SAMN11245699,WGS,Micropoecilia picta,SRR8785844,P.pic._1F_H,7,female,head,PRJNA528814
SAMN11245699,WGS,Micropoecilia picta,SRR8785880,P.pic._1F_H,7,female,head,PRJNA528814
SAMN11245699,WGS,Micropoecilia picta,SRR8785881,P.pic._1F_H,7,female,head,PRJNA528814
SAMN11245699,WGS,Micropoecilia picta,SRR8785894,P.pic._1F_H,7,female,head,PRJNA528814
SAMN11245699,WGS,Micropoecilia picta,SRR8785895,P.pic._1F_H,7,female,head,PRJNA528814
SAMN11245699,WGS,Micropoecilia picta,SRR8785981,P.pic._1F_H,7,female,head,PRJNA528814
SAMN11245699,WGS,Micropoecilia picta,SRR8785982,P.pic._1F_H,7,female,head,PRJNA528814
SAMN11245699,WGS,Micropoecilia picta,SRR8785985,P.pic._1F_H,7,female,head,PRJNA528814
SAMN11245699,WGS,Micropoecilia picta,SRR8785986,P.pic._1F_H,7,female,head,PRJNA528814
SAMN11245717,RNA-Seq,Poecilia latipinna,SRR8785694,P.lat._1F_T,13,female,tail,PRJNA528814
SAMN11245717,RNA-Seq,Poecilia latipinna,SRR8785695,P.lat._1F_T,13,female,tail,PRJNA528814
SAMN11245717,RNA-Seq,Poecilia latipinna,SRR8785696,P.lat._1F_T,13,female,tail,PRJNA528814
SAMN11245717,RNA-Seq,Poecilia latipinna,SRR8785697,P.lat._1F_T,13,female,tail,PRJNA528814
SAMN11245718,RNA-Seq,Poecilia latipinna,SRR8785688,P.lat._2F_T,14,female,tail,PRJNA528814
SAMN11245718,RNA-Seq,Poecilia latipinna,SRR8785689,P.lat._2F_T,14,female,tail,PRJNA528814
SAMN11245718,RNA-Seq,Poecilia latipinna,SRR8785775,P.lat._2F_T,14,female,tail,PRJNA528814
SAMN11245718,RNA-Seq,Poecilia latipinna,SRR8785776,P.lat._2F_T,14,female,tail,PRJNA528814
SAMN11245721,RNA-Seq,Poecilia latipinna,SRR8785938,P.lat._4M_T,17,male,tail,PRJNA528814
SAMN11245721,RNA-Seq,Poecilia latipinna,SRR8785939,P.lat._4M_T,17,male,tail,PRJNA528814
SAMN11245721,RNA-Seq,Poecilia latipinna,SRR8785940,P.lat._4M_T,17,male,tail,PRJNA528814
SAMN11245721,RNA-Seq,Poecilia latipinna,SRR8785941,P.lat._4M_T,17,male,tail,PRJNA528814
SAMN11245722,RNA-Seq,Poecilia latipinna,SRR8785934,P.lat._7M_T,18,male,tail,PRJNA528814
SAMN11245722,RNA-Seq,Poecilia latipinna,SRR8785935,P.lat._7M_T,18,male,tail,PRJNA528814
SAMN11245722,RNA-Seq,Poecilia latipinna,SRR8785936,P.lat._7M_T,18,male,tail,PRJNA528814
SAMN11245722,RNA-Seq,Poecilia latipinna,SRR8785937,P.lat._7M_T,18,male,tail,PRJNA528814
SAMN11245720,RNA-Seq,Poecilia latipinna,SRR8785781,P.lat._3M_T,16,male,tail,PRJNA528814
SAMN11245720,RNA-Seq,Poecilia latipinna,SRR8785782,P.lat._3M_T,16,male,tail,PRJNA528814
SAMN11245720,RNA-Seq,Poecilia latipinna,SRR8785783,P.lat._3M_T,16,male,tail,PRJNA528814
SAMN11245720,RNA-Seq,Poecilia latipinna,SRR8785784,P.lat._3M_T,16,male,tail,PRJNA528814
SAMN11245719,RNA-Seq,Poecilia latipinna,SRR8785777,P.lat._6F_T,15,female,tail,PRJNA528814
SAMN11245719,RNA-Seq,Poecilia latipinna,SRR8785778,P.lat._6F_T,15,female,tail,PRJNA528814
SAMN11245719,RNA-Seq,Poecilia latipinna,SRR8785779,P.lat._6F_T,15,female,tail,PRJNA528814
SAMN11245719,RNA-Seq,Poecilia latipinna,SRR8785780,P.lat._6F_T,15,female,tail,PRJNA528814
SAMN11245713,WGS,Poecilia latipinna,SRR8785482,P.lat._6F_H,15,female,head,PRJNA528814
SAMN11245713,WGS,Poecilia latipinna,SRR8785530,P.lat._6F_H,15,female,head,PRJNA528814
SAMN11245713,WGS,Poecilia latipinna,SRR8785558,P.lat._6F_H,15,female,head,PRJNA528814
SAMN11245713,WGS,Poecilia latipinna,SRR8785559,P.lat._6F_H,15,female,head,PRJNA528814
SAMN11245713,WGS,Poecilia latipinna,SRR8785561,P.lat._6F_H,15,female,head,PRJNA528814
SAMN11245713,WGS,Poecilia latipinna,SRR8785564,P.lat._6F_H,15,female,head,PRJNA528814
SAMN11245713,WGS,Poecilia latipinna,SRR8785565,P.lat._6F_H,15,female,head,PRJNA528814
SAMN11245713,WGS,Poecilia latipinna,SRR8785622,P.lat._6F_H,15,female,head,PRJNA528814
SAMN11245713,WGS,Poecilia latipinna,SRR8785623,P.lat._6F_H,15,female,head,PRJNA528814
SAMN11245713,WGS,Poecilia latipinna,SRR8785626,P.lat._6F_H,15,female,head,PRJNA528814
SAMN11245713,WGS,Poecilia latipinna,SRR8785627,P.lat._6F_H,15,female,head,PRJNA528814
SAMN11245713,WGS,Poecilia latipinna,SRR8785628,P.lat._6F_H,15,female,head,PRJNA528814
SAMN11245713,WGS,Poecilia latipinna,SRR8785629,P.lat._6F_H,15,female,head,PRJNA528814
SAMN11245713,WGS,Poecilia latipinna,SRR8785632,P.lat._6F_H,15,female,head,PRJNA528814
SAMN11245713,WGS,Poecilia latipinna,SRR8785633,P.lat._6F_H,15,female,head,PRJNA528814
SAMN11245713,WGS,Poecilia latipinna,SRR8785714,P.lat._6F_H,15,female,head,PRJNA528814
SAMN11245713,WGS,Poecilia latipinna,SRR8785717,P.lat._6F_H,15,female,head,PRJNA528814
SAMN11245713,WGS,Poecilia latipinna,SRR8785718,P.lat._6F_H,15,female,head,PRJNA528814
SAMN11245713,WGS,Poecilia latipinna,SRR8785862,P.lat._6F_H,15,female,head,PRJNA528814
SAMN11245713,WGS,Poecilia latipinna,SRR8785863,P.lat._6F_H,15,female,head,PRJNA528814
SAMN11245713,WGS,Poecilia latipinna,SRR8785864,P.lat._6F_H,15,female,head,PRJNA528814
SAMN11245713,WGS,Poecilia latipinna,SRR8785931,P.lat._6F_H,15,female,head,PRJNA528814
SAMN11245716,WGS,Poecilia latipinna,SRR8785481,P.lat._7M_H,18,male,head,PRJNA528814
SAMN11245716,WGS,Poecilia latipinna,SRR8785483,P.lat._7M_H,18,male,head,PRJNA528814
SAMN11245716,WGS,Poecilia latipinna,SRR8785484,P.lat._7M_H,18,male,head,PRJNA528814
SAMN11245716,WGS,Poecilia latipinna,SRR8785485,P.lat._7M_H,18,male,head,PRJNA528814
SAMN11245716,WGS,Poecilia latipinna,SRR8785486,P.lat._7M_H,18,male,head,PRJNA528814
SAMN11245716,WGS,Poecilia latipinna,SRR8785487,P.lat._7M_H,18,male,head,PRJNA528814
SAMN11245716,WGS,Poecilia latipinna,SRR8785488,P.lat._7M_H,18,male,head,PRJNA528814
SAMN11245716,WGS,Poecilia latipinna,SRR8785489,P.lat._7M_H,18,male,head,PRJNA528814
SAMN11245716,WGS,Poecilia latipinna,SRR8785490,P.lat._7M_H,18,male,head,PRJNA528814
SAMN11245716,WGS,Poecilia latipinna,SRR8785491,P.lat._7M_H,18,male,head,PRJNA528814
SAMN11245716,WGS,Poecilia latipinna,SRR8785547,P.lat._7M_H,18,male,head,PRJNA528814
SAMN11245716,WGS,Poecilia latipinna,SRR8785548,P.lat._7M_H,18,male,head,PRJNA528814
SAMN11245716,WGS,Poecilia latipinna,SRR8785555,P.lat._7M_H,18,male,head,PRJNA528814
SAMN11245716,WGS,Poecilia latipinna,SRR8785690,P.lat._7M_H,18,male,head,PRJNA528814
SAMN11245716,WGS,Poecilia latipinna,SRR8785691,P.lat._7M_H,18,male,head,PRJNA528814
SAMN11245716,WGS,Poecilia latipinna,SRR8785692,P.lat._7M_H,18,male,head,PRJNA528814
SAMN11245716,WGS,Poecilia latipinna,SRR8785693,P.lat._7M_H,18,male,head,PRJNA528814
SAMN11245716,WGS,Poecilia latipinna,SRR8785808,P.lat._7M_H,18,male,head,PRJNA528814
SAMN11245716,WGS,Poecilia latipinna,SRR8785809,P.lat._7M_H,18,male,head,PRJNA528814
SAMN11245716,WGS,Poecilia latipinna,SRR8785820,P.lat._7M_H,18,male,head,PRJNA528814
SAMN11245716,WGS,Poecilia latipinna,SRR8785896,P.lat._7M_H,18,male,head,PRJNA528814
SAMN11245716,WGS,Poecilia latipinna,SRR8785897,P.lat._7M_H,18,male,head,PRJNA528814
SAMN11245711,WGS,Poecilia latipinna,SRR8785608,P.lat._1F_H,13,female,head,PRJNA528814
SAMN11245711,WGS,Poecilia latipinna,SRR8785609,P.lat._1F_H,13,female,head,PRJNA528814
SAMN11245711,WGS,Poecilia latipinna,SRR8785612,P.lat._1F_H,13,female,head,PRJNA528814
SAMN11245711,WGS,Poecilia latipinna,SRR8785613,P.lat._1F_H,13,female,head,PRJNA528814
SAMN11245711,WGS,Poecilia latipinna,SRR8785614,P.lat._1F_H,13,female,head,PRJNA528814
SAMN11245711,WGS,Poecilia latipinna,SRR8785615,P.lat._1F_H,13,female,head,PRJNA528814
SAMN11245711,WGS,Poecilia latipinna,SRR8785616,P.lat._1F_H,13,female,head,PRJNA528814
SAMN11245711,WGS,Poecilia latipinna,SRR8785617,P.lat._1F_H,13,female,head,PRJNA528814
SAMN11245711,WGS,Poecilia latipinna,SRR8785618,P.lat._1F_H,13,female,head,PRJNA528814
SAMN11245711,WGS,Poecilia latipinna,SRR8785619,P.lat._1F_H,13,female,head,PRJNA528814
SAMN11245711,WGS,Poecilia latipinna,SRR8785620,P.lat._1F_H,13,female,head,PRJNA528814
SAMN11245711,WGS,Poecilia latipinna,SRR8785621,P.lat._1F_H,13,female,head,PRJNA528814
SAMN11245711,WGS,Poecilia latipinna,SRR8785624,P.lat._1F_H,13,female,head,PRJNA528814
SAMN11245711,WGS,Poecilia latipinna,SRR8785625,P.lat._1F_H,13,female,head,PRJNA528814
SAMN11245711,WGS,Poecilia latipinna,SRR8785631,P.lat._1F_H,13,female,head,PRJNA528814
SAMN11245711,WGS,Poecilia latipinna,SRR8785999,P.lat._1F_H,13,female,head,PRJNA528814
SAMN11245711,WGS,Poecilia latipinna,SRR8786000,P.lat._1F_H,13,female,head,PRJNA528814
SAMN11245711,WGS,Poecilia latipinna,SRR8786001,P.lat._1F_H,13,female,head,PRJNA528814
SAMN11245711,WGS,Poecilia latipinna,SRR8786002,P.lat._1F_H,13,female,head,PRJNA528814
SAMN11245711,WGS,Poecilia latipinna,SRR8786003,P.lat._1F_H,13,female,head,PRJNA528814
SAMN11245711,WGS,Poecilia latipinna,SRR8786005,P.lat._1F_H,13,female,head,PRJNA528814
SAMN11245711,WGS,Poecilia latipinna,SRR8786006,P.lat._1F_H,13,female,head,PRJNA528814
SAMN11245712,WGS,Poecilia latipinna,SRR8785630,P.lat._2F_H,14,female,head,PRJNA528814
SAMN11245712,WGS,Poecilia latipinna,SRR8785715,P.lat._2F_H,14,female,head,PRJNA528814
SAMN11245712,WGS,Poecilia latipinna,SRR8785716,P.lat._2F_H,14,female,head,PRJNA528814
SAMN11245712,WGS,Poecilia latipinna,SRR8785719,P.lat._2F_H,14,female,head,PRJNA528814
SAMN11245712,WGS,Poecilia latipinna,SRR8785720,P.lat._2F_H,14,female,head,PRJNA528814
SAMN11245712,WGS,Poecilia latipinna,SRR8785721,P.lat._2F_H,14,female,head,PRJNA528814
SAMN11245712,WGS,Poecilia latipinna,SRR8785722,P.lat._2F_H,14,female,head,PRJNA528814
SAMN11245712,WGS,Poecilia latipinna,SRR8785723,P.lat._2F_H,14,female,head,PRJNA528814
SAMN11245712,WGS,Poecilia latipinna,SRR8785724,P.lat._2F_H,14,female,head,PRJNA528814
SAMN11245712,WGS,Poecilia latipinna,SRR8785725,P.lat._2F_H,14,female,head,PRJNA528814
SAMN11245712,WGS,Poecilia latipinna,SRR8785726,P.lat._2F_H,14,female,head,PRJNA528814
SAMN11245712,WGS,Poecilia latipinna,SRR8785785,P.lat._2F_H,14,female,head,PRJNA528814
SAMN11245712,WGS,Poecilia latipinna,SRR8785786,P.lat._2F_H,14,female,head,PRJNA528814
SAMN11245712,WGS,Poecilia latipinna,SRR8785787,P.lat._2F_H,14,female,head,PRJNA528814
SAMN11245712,WGS,Poecilia latipinna,SRR8785788,P.lat._2F_H,14,female,head,PRJNA528814
SAMN11245712,WGS,Poecilia latipinna,SRR8785789,P.lat._2F_H,14,female,head,PRJNA528814
SAMN11245712,WGS,Poecilia latipinna,SRR8785790,P.lat._2F_H,14,female,head,PRJNA528814
SAMN11245712,WGS,Poecilia latipinna,SRR8785908,P.lat._2F_H,14,female,head,PRJNA528814
SAMN11245712,WGS,Poecilia latipinna,SRR8785909,P.lat._2F_H,14,female,head,PRJNA528814
SAMN11245712,WGS,Poecilia latipinna,SRR8785997,P.lat._2F_H,14,female,head,PRJNA528814
SAMN11245712,WGS,Poecilia latipinna,SRR8785998,P.lat._2F_H,14,female,head,PRJNA528814
SAMN11245712,WGS,Poecilia latipinna,SRR8786004,P.lat._2F_H,14,female,head,PRJNA528814
SAMN11245714,WGS,Poecilia latipinna,SRR8785560,P.lat._3M_H,16,male,head,PRJNA528814
SAMN11245714,WGS,Poecilia latipinna,SRR8785571,P.lat._3M_H,16,male,head,PRJNA528814
SAMN11245714,WGS,Poecilia latipinna,SRR8785804,P.lat._3M_H,16,male,head,PRJNA528814
SAMN11245714,WGS,Poecilia latipinna,SRR8785805,P.lat._3M_H,16,male,head,PRJNA528814
SAMN11245714,WGS,Poecilia latipinna,SRR8785859,P.lat._3M_H,16,male,head,PRJNA528814
SAMN11245714,WGS,Poecilia latipinna,SRR8785860,P.lat._3M_H,16,male,head,PRJNA528814
SAMN11245714,WGS,Poecilia latipinna,SRR8785861,P.lat._3M_H,16,male,head,PRJNA528814
SAMN11245714,WGS,Poecilia latipinna,SRR8785865,P.lat._3M_H,16,male,head,PRJNA528814
SAMN11245714,WGS,Poecilia latipinna,SRR8785866,P.lat._3M_H,16,male,head,PRJNA528814
SAMN11245714,WGS,Poecilia latipinna,SRR8785867,P.lat._3M_H,16,male,head,PRJNA528814
SAMN11245714,WGS,Poecilia latipinna,SRR8785868,P.lat._3M_H,16,male,head,PRJNA528814
SAMN11245714,WGS,Poecilia latipinna,SRR8785942,P.lat._3M_H,16,male,head,PRJNA528814
SAMN11245714,WGS,Poecilia latipinna,SRR8785943,P.lat._3M_H,16,male,head,PRJNA528814
SAMN11245714,WGS,Poecilia latipinna,SRR8785944,P.lat._3M_H,16,male,head,PRJNA528814
SAMN11245714,WGS,Poecilia latipinna,SRR8785945,P.lat._3M_H,16,male,head,PRJNA528814
SAMN11245714,WGS,Poecilia latipinna,SRR8785946,P.lat._3M_H,16,male,head,PRJNA528814
SAMN11245714,WGS,Poecilia latipinna,SRR8785947,P.lat._3M_H,16,male,head,PRJNA528814
SAMN11245714,WGS,Poecilia latipinna,SRR8785948,P.lat._3M_H,16,male,head,PRJNA528814
SAMN11245714,WGS,Poecilia latipinna,SRR8785949,P.lat._3M_H,16,male,head,PRJNA528814
SAMN11245714,WGS,Poecilia latipinna,SRR8785950,P.lat._3M_H,16,male,head,PRJNA528814
SAMN11245714,WGS,Poecilia latipinna,SRR8785951,P.lat._3M_H,16,male,head,PRJNA528814
SAMN11245714,WGS,Poecilia latipinna,SRR8785953,P.lat._3M_H,16,male,head,PRJNA528814
SAMN11245715,WGS,Poecilia latipinna,SRR8785550,P.lat._4M_H,17,male,head,PRJNA528814
SAMN11245715,WGS,Poecilia latipinna,SRR8785551,P.lat._4M_H,17,male,head,PRJNA528814
SAMN11245715,WGS,Poecilia latipinna,SRR8785552,P.lat._4M_H,17,male,head,PRJNA528814
SAMN11245715,WGS,Poecilia latipinna,SRR8785553,P.lat._4M_H,17,male,head,PRJNA528814
SAMN11245715,WGS,Poecilia latipinna,SRR8785554,P.lat._4M_H,17,male,head,PRJNA528814
SAMN11245715,WGS,Poecilia latipinna,SRR8785556,P.lat._4M_H,17,male,head,PRJNA528814
SAMN11245715,WGS,Poecilia latipinna,SRR8785557,P.lat._4M_H,17,male,head,PRJNA528814
SAMN11245715,WGS,Poecilia latipinna,SRR8785813,P.lat._4M_H,17,male,head,PRJNA528814
SAMN11245715,WGS,Poecilia latipinna,SRR8785814,P.lat._4M_H,17,male,head,PRJNA528814
SAMN11245715,WGS,Poecilia latipinna,SRR8785815,P.lat._4M_H,17,male,head,PRJNA528814
SAMN11245715,WGS,Poecilia latipinna,SRR8785816,P.lat._4M_H,17,male,head,PRJNA528814
SAMN11245715,WGS,Poecilia latipinna,SRR8785817,P.lat._4M_H,17,male,head,PRJNA528814
SAMN11245715,WGS,Poecilia latipinna,SRR8785818,P.lat._4M_H,17,male,head,PRJNA528814
SAMN11245715,WGS,Poecilia latipinna,SRR8785819,P.lat._4M_H,17,male,head,PRJNA528814
SAMN11245715,WGS,Poecilia latipinna,SRR8785829,P.lat._4M_H,17,male,head,PRJNA528814
SAMN11245715,WGS,Poecilia latipinna,SRR8785834,P.lat._4M_H,17,male,head,PRJNA528814
SAMN11245715,WGS,Poecilia latipinna,SRR8785955,P.lat._4M_H,17,male,head,PRJNA528814
SAMN11245715,WGS,Poecilia latipinna,SRR8785956,P.lat._4M_H,17,male,head,PRJNA528814
SAMN11245715,WGS,Poecilia latipinna,SRR8785957,P.lat._4M_H,17,male,head,PRJNA528814
SAMN11245715,WGS,Poecilia latipinna,SRR8785958,P.lat._4M_H,17,male,head,PRJNA528814
SAMN11245715,WGS,Poecilia latipinna,SRR8785959,P.lat._4M_H,17,male,head,PRJNA528814
SAMN11245715,WGS,Poecilia latipinna,SRR8785960,P.lat._4M_H,17,male,head,PRJNA528814
SAMN11245696,RNA-Seq,Poecilia wingei,SRR8785594,Pwin_T_M005,4,male,tail,PRJNA528814
SAMN11245696,RNA-Seq,Poecilia wingei,SRR8785595,Pwin_T_M005,4,male,tail,PRJNA528814
SAMN11245696,RNA-Seq,Poecilia wingei,SRR8785596,Pwin_T_M005,4,male,tail,PRJNA528814
SAMN11245696,RNA-Seq,Poecilia wingei,SRR8785597,Pwin_T_M005,4,male,tail,PRJNA528814
SAMN11245695,RNA-Seq,Poecilia wingei,SRR8785590,Pwin_T_F015,3,female,tail,PRJNA528814
SAMN11245695,RNA-Seq,Poecilia wingei,SRR8785591,Pwin_T_F015,3,female,tail,PRJNA528814
SAMN11245695,RNA-Seq,Poecilia wingei,SRR8785592,Pwin_T_F015,3,female,tail,PRJNA528814
SAMN11245695,RNA-Seq,Poecilia wingei,SRR8785593,Pwin_T_F015,3,female,tail,PRJNA528814
SAMN11245697,RNA-Seq,Poecilia wingei,SRR8785588,Pwin_T_M006,5,male,tail,PRJNA528814
SAMN11245697,RNA-Seq,Poecilia wingei,SRR8785589,Pwin_T_M006,5,male,tail,PRJNA528814
SAMN11245697,RNA-Seq,Poecilia wingei,SRR8785987,Pwin_T_M006,5,male,tail,PRJNA528814
SAMN11245697,RNA-Seq,Poecilia wingei,SRR8785988,Pwin_T_M006,5,male,tail,PRJNA528814
SAMN11245698,RNA-Seq,Poecilia wingei,SRR8785879,Pwin_T_M007,6,male,tail,PRJNA528814
SAMN11245698,RNA-Seq,Poecilia wingei,SRR8785983,Pwin_T_M007,6,male,tail,PRJNA528814
SAMN11245698,RNA-Seq,Poecilia wingei,SRR8785984,Pwin_T_M007,6,male,tail,PRJNA528814
SAMN11245698,RNA-Seq,Poecilia wingei,SRR8785990,Pwin_T_M007,6,male,tail,PRJNA528814
SAMN11245693,RNA-Seq,Poecilia wingei,SRR8785741,Pwin_T_F013,1,female,tail,PRJNA528814
SAMN11245693,RNA-Seq,Poecilia wingei,SRR8785742,Pwin_T_F013,1,female,tail,PRJNA528814
SAMN11245693,RNA-Seq,Poecilia wingei,SRR8785747,Pwin_T_F013,1,female,tail,PRJNA528814
SAMN11245693,RNA-Seq,Poecilia wingei,SRR8785748,Pwin_T_F013,1,female,tail,PRJNA528814
SAMN11245694,RNA-Seq,Poecilia wingei,SRR8785739,Pwin_T_F014,2,female,tail,PRJNA528814
SAMN11245694,RNA-Seq,Poecilia wingei,SRR8785740,Pwin_T_F014,2,female,tail,PRJNA528814
SAMN11245694,RNA-Seq,Poecilia wingei,SRR8785745,Pwin_T_F014,2,female,tail,PRJNA528814
SAMN11245694,RNA-Seq,Poecilia wingei,SRR8785746,Pwin_T_F014,2,female,tail,PRJNA528814
SAMN11245689,WGS,Poecilia wingei,SRR8785537,P.win_15F_H,3,female,head,PRJNA528814
SAMN11245689,WGS,Poecilia wingei,SRR8785538,P.win_15F_H,3,female,head,PRJNA528814
SAMN11245689,WGS,Poecilia wingei,SRR8785539,P.win_15F_H,3,female,head,PRJNA528814
SAMN11245689,WGS,Poecilia wingei,SRR8785540,P.win_15F_H,3,female,head,PRJNA528814
SAMN11245689,WGS,Poecilia wingei,SRR8785545,P.win_15F_H,3,female,head,PRJNA528814
SAMN11245689,WGS,Poecilia wingei,SRR8785546,P.win_15F_H,3,female,head,PRJNA528814
SAMN11245689,WGS,Poecilia wingei,SRR8785923,P.win_15F_H,3,female,head,PRJNA528814
SAMN11245688,WGS,Poecilia wingei,SRR8785541,P.win._14F_H,2,female,head,PRJNA528814
SAMN11245688,WGS,Poecilia wingei,SRR8785542,P.win._14F_H,2,female,head,PRJNA528814
SAMN11245688,WGS,Poecilia wingei,SRR8785543,P.win._14F_H,2,female,head,PRJNA528814
SAMN11245688,WGS,Poecilia wingei,SRR8785544,P.win._14F_H,2,female,head,PRJNA528814
SAMN11245688,WGS,Poecilia wingei,SRR8785869,P.win._14F_H,2,female,head,PRJNA528814
SAMN11245688,WGS,Poecilia wingei,SRR8785870,P.win._14F_H,2,female,head,PRJNA528814
SAMN11245688,WGS,Poecilia wingei,SRR8785871,P.win._14F_H,2,female,head,PRJNA528814
SAMN11245690,WGS,Poecilia wingei,SRR8785924,P.win._5M_H,4,male,head,PRJNA528814
SAMN11245690,WGS,Poecilia wingei,SRR8785925,P.win._5M_H,4,male,head,PRJNA528814
SAMN11245690,WGS,Poecilia wingei,SRR8785926,P.win._5M_H,4,male,head,PRJNA528814
SAMN11245690,WGS,Poecilia wingei,SRR8785927,P.win._5M_H,4,male,head,PRJNA528814
SAMN11245690,WGS,Poecilia wingei,SRR8785928,P.win._5M_H,4,male,head,PRJNA528814
SAMN11245690,WGS,Poecilia wingei,SRR8785929,P.win._5M_H,4,male,head,PRJNA528814
SAMN11245690,WGS,Poecilia wingei,SRR8785930,P.win._5M_H,4,male,head,PRJNA528814
SAMN11245691,WGS,Poecilia wingei,SRR8785769,P.win._6M_H,5,male,head,PRJNA528814
SAMN11245691,WGS,Poecilia wingei,SRR8785770,P.win._6M_H,5,male,head,PRJNA528814
SAMN11245691,WGS,Poecilia wingei,SRR8785771,P.win._6M_H,5,male,head,PRJNA528814
SAMN11245691,WGS,Poecilia wingei,SRR8785772,P.win._6M_H,5,male,head,PRJNA528814
SAMN11245691,WGS,Poecilia wingei,SRR8785773,P.win._6M_H,5,male,head,PRJNA528814
SAMN11245691,WGS,Poecilia wingei,SRR8785921,P.win._6M_H,5,male,head,PRJNA528814
SAMN11245691,WGS,Poecilia wingei,SRR8785922,P.win._6M_H,5,male,head,PRJNA528814
SAMN11245687,WGS,Poecilia wingei,SRR8785872,P.win._13F_H,1,female,head,PRJNA528814
SAMN11245687,WGS,Poecilia wingei,SRR8785873,P.win._13F_H,1,female,head,PRJNA528814
SAMN11245687,WGS,Poecilia wingei,SRR8785874,P.win._13F_H,1,female,head,PRJNA528814
SAMN11245687,WGS,Poecilia wingei,SRR8785875,P.win._13F_H,1,female,head,PRJNA528814
SAMN11245687,WGS,Poecilia wingei,SRR8785876,P.win._13F_H,1,female,head,PRJNA528814
SAMN11245687,WGS,Poecilia wingei,SRR8785877,P.win._13F_H,1,female,head,PRJNA528814
SAMN11245687,WGS,Poecilia wingei,SRR8785878,P.win._13F_H,1,female,head,PRJNA528814
SAMN11245692,WGS,Poecilia wingei,SRR8785743,P.win._7M_H,6,male,head,PRJNA528814
SAMN11245692,WGS,Poecilia wingei,SRR8785744,P.win._7M_H,6,male,head,PRJNA528814
SAMN11245692,WGS,Poecilia wingei,SRR8785764,P.win._7M_H,6,male,head,PRJNA528814
SAMN11245692,WGS,Poecilia wingei,SRR8785765,P.win._7M_H,6,male,head,PRJNA528814
SAMN11245692,WGS,Poecilia wingei,SRR8785766,P.win._7M_H,6,male,head,PRJNA528814
SAMN11245692,WGS,Poecilia wingei,SRR8785767,P.win._7M_H,6,male,head,PRJNA528814
SAMN11245692,WGS,Poecilia wingei,SRR8785768,P.win._7M_H,6,male,head,PRJNA528814
SAMN06036175,RNA-Seq,Poecilia reticulata,SRR5034729,Female_01_lab_RNA,none,female,tail,PRJNA353986
SAMN06036176,RNA-Seq,Poecilia reticulata,SRR5034741,Female_13_lab_RNA,none,female,tail,PRJNA353986
SAMN06036174,RNA-Seq,Poecilia reticulata,SRR5034749,Female_07_lab_RNA,none,female,tail,PRJNA353986
SAMN06036173,RNA-Seq,Poecilia reticulata,SRR5034756,Female_04_lab_RNA,none,female,tail,PRJNA353986
SAMN06036187,RNA-Seq,Poecilia reticulata,SRR5034717,Male_17_lab_RNA,none,male,tail,PRJNA353986
SAMN06036182,RNA-Seq,Poecilia reticulata,SRR5034720,Male_15_lab_RNA,none,male,tail,PRJNA353986
SAMN06036183,RNA-Seq,Poecilia reticulata,SRR5034723,Male_18_lab_RNA,none,male,tail,PRJNA353986
SAMN06036186,RNA-Seq,Poecilia reticulata,SRR5034733,Male_14_lab_RNA,none,male,tail,PRJNA353986
SAMN06036179,RNA-Seq,Poecilia reticulata,SRR5034735,Male_06_lab_RNA,none,male,tail,PRJNA353986
SAMN06036180,RNA-Seq,Poecilia reticulata,SRR5034740,Male_09_lab_RNA,none,male,tail,PRJNA353986
SAMN06036178,RNA-Seq,Poecilia reticulata,SRR5034742,Male_08_lab_RNA,none,male,tail,PRJNA353986
SAMN06036177,RNA-Seq,Poecilia reticulata,SRR5034744,Male_11_lab_RNA,none,male,tail,PRJNA353986
SAMN06036184,RNA-Seq,Poecilia reticulata,SRR5034747,Male_02_lab_RNA,none,male,tail,PRJNA353986
SAMN06036185,RNA-Seq,Poecilia reticulata,SRR5034751,Male_05_lab_RNA,none,male,tail,PRJNA353986
SAMN06036181,RNA-Seq,Poecilia reticulata,SRR5034754,Male_12_lab_RNA,none,male,tail,PRJNA353986
SAMN06036146,WGS,Poecilia reticulata,SRR5034730,Female_07_lab,none,female,head,PRJNA353986
SAMN06036145,WGS,Poecilia reticulata,SRR5034743,Female_04_lab,none,female,head,PRJNA353986
SAMN06036149,WGS,Poecilia reticulata,SRR5034718,Male_J001_Aripo_high,none,male,head,PRJNA353986
SAMN06036166,WGS,Poecilia reticulata,SRR5034719,Male_J042_Yarra_high,none,male,head,PRJNA353986
SAMN06036154,WGS,Poecilia reticulata,SRR5034721,Male_J013_Yarra_low,none,male,head,PRJNA353986
SAMN06036152,WGS,Poecilia reticulata,SRR5034722,Male_J005_Aripo_high,none,male,head,PRJNA353986
SAMN06036155,WGS,Poecilia reticulata,SRR5034724,Male_J014_Yarra_low,none,male,head,PRJNA353986
SAMN06036157,WGS,Poecilia reticulata,SRR5034725,Male_J016_Quare_high,none,male,head,PRJNA353986
SAMN06036168,WGS,Poecilia reticulata,SRR5034726,Male_J044_Yarra_high,none,male,head,PRJNA353986
SAMN06036162,WGS,Poecilia reticulata,SRR5034727,Male_J033_Aripo_low,none,male,head,PRJNA353986
SAMN06036156,WGS,Poecilia reticulata,SRR5034728,Male_J015_Yarra_low,none,male,head,PRJNA353986
SAMN06036172,WGS,Poecilia reticulata,SRR5034731,Male_J054_Quare_low,none,male,head,PRJNA353986
SAMN06036170,WGS,Poecilia reticulata,SRR5034732,Male_J052_Quare_low,none,male,head,PRJNA353986
SAMN06036151,WGS,Poecilia reticulata,SRR5034734,Male_J004_Aripo_high,none,male,head,PRJNA353986
SAMN06036164,WGS,Poecilia reticulata,SRR5034736,Male_J035_Aripo_low,none,male,head,PRJNA353986
SAMN06036163,WGS,Poecilia reticulata,SRR5034737,Male_J034_Aripo_low,none,male,head,PRJNA353986
SAMN06036148,WGS,Poecilia reticulata,SRR5034738,Male_08_lab,none,male,head,PRJNA353986
SAMN06036150,WGS,Poecilia reticulata,SRR5034739,Male_J003_Aripo_high,none,male,head,PRJNA353986
SAMN06036147,WGS,Poecilia reticulata,SRR5034745,Male_11_lab,none,male,head,PRJNA353986
SAMN06036167,WGS,Poecilia reticulata,SRR5034746,Male_J043_Yarra_high,none,male,head,PRJNA353986
SAMN06036165,WGS,Poecilia reticulata,SRR5034748,Male_J041_Yarra_high,none,male,head,PRJNA353986
SAMN06036171,WGS,Poecilia reticulata,SRR5034750,Male_J053_Quare_low,none,male,head,PRJNA353986
SAMN06036169,WGS,Poecilia reticulata,SRR5034752,Male_J051_Quare_low,none,male,head,PRJNA353986
SAMN06036158,WGS,Poecilia reticulata,SRR5034753,Male_J017_Quare_high,none,male,head,PRJNA353986
SAMN06036153,WGS,Poecilia reticulata,SRR5034755,Male_J012_Yarra_low,none,male,head,PRJNA353986
SAMN06036160,WGS,Poecilia reticulata,SRR5034757,Male_J020_Quare_high,none,male,head,PRJNA353986
SAMN06036161,WGS,Poecilia reticulata,SRR5034758,Male_J032_Aripo_low,none,male,head,PRJNA353986
SAMN06036159,WGS,Poecilia reticulata,SRR5034759,Male_J019_Quare_high,none,male,head,PRJNA353986
